{"cameraMode":{"drawMode":0,"name":"Shaded","section":"Shading Mode"},"sceneLighting":false,"audioPlay":false,"sceneViewState":{"showFog":true,"showMaterialUpdate":true,"showSkybox":false,"showFlares":true,"showImageEffects":true,"showParticleSystems":true},"in2DMode":false,"pivot":{"x":4.982491493225098,"y":-3.0800085067749025,"z":11.209756851196289},"rotation":{"x":0.35748469829559328,"y":-0.1416219025850296,"z":0.051559146493673328,"w":0.9222955107688904},"size":10.0,"orthographic":false}