{"cameraMode":{"drawMode":0,"name":"Shaded","section":"Shading Mode"},"sceneLighting":false,"audioPlay":false,"sceneViewState":{"showFog":true,"showMaterialUpdate":true,"showSkybox":false,"showFlares":true,"showImageEffects":true,"showParticleSystems":true},"in2DMode":false,"pivot":{"x":-38.65858840942383,"y":3.5992698669433595,"z":12.231954574584961},"rotation":{"x":-0.10588729381561279,"y":0.8517981767654419,"z":-0.18175742030143739,"w":-0.4808619022369385},"size":6.6332502365112309,"orthographic":false}