{"cameraMode":{"drawMode":0,"name":"Shaded","section":"Shading Mode"},"sceneLighting":false,"audioPlay":false,"sceneViewState":{"showFog":true,"showMaterialUpdate":true,"showSkybox":false,"showFlares":true,"showImageEffects":true,"showParticleSystems":true},"in2DMode":false,"pivot":{"x":-0.029196858406066896,"y":-0.16966989636421204,"z":-1.0104095935821534},"rotation":{"x":-0.051180239766836169,"y":0.8241519927978516,"z":-0.07535342872142792,"w":-0.5591251254081726},"size":1.0373543500900269,"orthographic":false}