{"cameraMode":{"drawMode":0,"name":"Shaded","section":"Shading Mode"},"sceneLighting":true,"audioPlay":false,"sceneViewState":{"showFog":true,"showMaterialUpdate":true,"showSkybox":true,"showFlares":true,"showImageEffects":true,"showParticleSystems":true},"in2DMode":false,"pivot":{"x":3.819781541824341,"y":2.052971363067627,"z":-5.965191841125488},"rotation":{"x":-0.3908560574054718,"y":0.346757173538208,"z":-0.1618880331516266,"w":-0.837141215801239},"size":3.3073947429656984,"orthographic":false}