{"cameraMode":{"drawMode":0,"name":"Shaded","section":"Shading Mode"},"sceneLighting":true,"audioPlay":false,"sceneViewState":{"showFog":true,"showMaterialUpdate":true,"showSkybox":true,"showFlares":true,"showImageEffects":true,"showParticleSystems":true},"in2DMode":false,"pivot":{"x":28.368576049804689,"y":-11.783860206604004,"z":24.43129539489746},"rotation":{"x":-0.20595955848693849,"y":-0.42322373390197756,"z":0.10170338302850723,"w":-0.8771886825561523},"size":20.24326515197754,"orthographic":false}